Jose,Maria
Francisco,Ana
Joao,Francisca
Antonio,Antonia
Pedro,Rita
Manoel,Josefa
Luiz,Raimunda
Carlos,Joana
Paulo,Adriana
Marcos,Jessica
Lucas,Juliana
Raimundo,Fernanda
Luis,Aline
Severino,Vitoria
Daniel,Terezinha
Felipe,Luzia
Gabriel,Amanda
Rafael,Luana
Sebastiao,Severina
Mateus,Patricia
Fabio,Marcia
Anderson,Leticia
Marcelo,Carla
Damiao,Julia
Bruno,Larissa
Geraldo,Luciana
Fernando,Camila
Eduardo,Vanessa
Andre,Sandra
Manuel,Debora
Leonardo,Mariana
Cicero,Lucia
Tiago,Bruna
Ricardo,Renata
Edson,Damiana
Rodrigo,Janaina
Leandro,Erica
Alexandre,Rafaela
Roberto,Eliane
Adriano,Daniele
Diego,Vera
Marcio,Luiza
Flavio,Sara
Luciano,Fabiana
Jeferson,Natalia
Julio,Isabel
Gustavo,Paula
Jorge,Claudia
Thiago,Flavia
Vitor,Raquel
Samuel,Edna
Miguel,Gabriela
Renato,Jaqueline
Matheus,Beatriz
Emanuel,Tereza
Claudio,Simone
Sergio,Angela
Caio,Sebastiana
Italo,Rosa
Jailson,Rosangela
Igor,Alice
Alex,Marta
Alan,Lidiane
Ronaldo,Andreia
Guilherme,Sonia
Davi,Fatima
Jonas,Priscila
Victor,Cristiane
Edilson,Samara
Artur,Marlene
Luan,Raissa
David,Elaine
Danilo,Laura
Robson,Geralda
Gilberto,Monica
Reginaldo,Andreza
Everton,Margarida
Alisson,Marina
Josenildo,Luciene
Mario,Livia
Emerson,Raiane
Joaquim,Veronica
Elias,Katia
Fabiano,Marilia
Alison,Cicera
Vinicius,Andrea
Rogerio,Micarla
Ivanildo,Talita
Jean,Ingrid
Arthur,Francineide
Erivan,Daiane
Edmilson,Joelma
Vicente,Milena
Douglas,Joseane
Henrique,Lucineide
Diogo,Barbara
Emanoel,Daniela
Gilson,Viviane
Pablo,Regina
Francinaldo,Celia
Moises,Valeria
Josivan,Joice
Gilvan,Irene
Jackson,Francinete
Mauricio,Bianca
Josimar,Helena
Breno,Lara
Jadson,Silvana
Ivan,Clara
Wilson,Alessandra
Ailton,Eduarda
Erivaldo,Alana
Wesley,Lindalva
Cleiton,Eliene
Junior,Rosineide
Erinaldo,Sabrina
Hugo,Rejane
Alexandro,Sueli
Ruan,Tania
Cristiano,Iara
Israel,Cristina
Fabricio,Marilene
Renan,Roberta
Benedito,Elisangela
Gilmar,Michele
Augusto,Kaline
Genilson,Luzinete
Alberto,Elizabete
Josue,Solange
Helio,Josilene
Edvaldo,Marinalva
Jailton,Tatiane
Lenilson,Maiara
Arnaldo,Cintia
Expedito,Denise
Alexsandro,Josineide
George,Lorena
Genival,Marluce
Ednaldo,Andressa
Jair,Teresinha
Sandro,Geovana
Valmir,Aparecida
Janilson,Mayara
Isaias,Angelica
Ivanaldo,Alexandra
Cosme,Roseane
Valdir,Rosilene
Magno,Jeane
Erick,Mirian
Joel,Vania
Inacio,Cleide
Cesar,Poliana
Wagner,Elizangela
Alessandro,Cecilia
Edimilson,Isabela
Denis,Yasmin
Edivaldo,Ivonete
Otavio,Marineide
Nelson,Isabele
Ismael,Rebeca
Josinaldo,Edilene
Natanael,Tais
Evandro,Marli
Romario,Elza
Caua,Brenda
Nilton,Liliane
Edinaldo,Diana
Vinicios,Mercia
Milton,Selma
Jonatas,Emily
Yuri,Iris
Nicolas,Izabel
Jefferson,Caroline
Judson,Rosana
Franklin,Vilma
Rian,Joyce
Denilson,Erika
Josenilson,Silvia
Marco,Ivaneide
Jonatan,Benedita
Arlindo,Ivanilda
Hudson,Ester
Eric,Edilma
Iago,Jane
Maicon,Lucimar
Jonata,Edileuza
Rubens,Leila
Ivanilson,Yasmim
Nilson,Iracema
Eriberto,Eliana
Maria,Zelia
Michael,Gisele
Josias,Kaliane
Alvaro,Lidia
Adailton,Francilene
Franciso,Pamela
Rodolfo,Karla
Aldo,Socorro
Lazaro,Marcela
Ramon,Telma
