Miguel,Alice
Arthur,Sophia
Davi,Laura
Bernardo,Valentina
Heitor,Helena
Gabriel,Isabella
Pedro,Manuela
Lorenzo,Júlia
Lucas,Luiza
Matheus,Lívia
Enzo,Giovanna
Theo,Maria Luiza
Benjamin,Heloísa
Rafael,Maria Eduarda
Nicolas,Maria Clara
Guilherme,Lara
Gustavo,Lorena
Samuel,Beatriz
Henrique,Mariana
Felipe,Melissa
Murilo,Cecília
Joaquim,Ana Clara
João Pedro,Ana Júlia
João Miguel,Yasmin
Enzo Gabriel,Maria Júlia
Daniel,Isadora
Isaac,Rafaela
Pietro,Emanuelly
Pedro Henrique,Ana Luiza
Lucca,Esther
Eduardo,Lavínia
Benício,Sarah
Leonardo,Isabelly
Vitor,Elisa
João Lucas,Eloah
Bryan,Nicole
João,Maria Alice
Cauã,Gabriela
Davi Lucca,Maria
Anthony,Rebeca
Vicente,Letícia
Vinícius,Clara
Caio,Marina
Antônio,Isis
Davi Lucas,Ana
Bento,Alícia
João Gabriel,Liz
João Vitor,Antônia
Noah,Maria Cecília
Francisco,Agatha
Calebe,Catarina
Gael,Ana Laura
Emanuel,Larissa
Ian,Ana Beatriz
Luiz Miguel,Maria Fernanda
Enrico,Maitê
Thiago,Luna
Augusto,Olívia
Otávio,Vitória
João Guilherme,Bianca
Ryan,Laís
Yuri,Allana
Levi,Maria Valentina
Vitor Hugo,Emilly
Erick,Ana Sophia
Bruno,Clarice
Nathan,Milena
Raul,Pietra
Henry,Fernanda
Davi Luiz,Carolina
Luiz Felipe,Amanda
Thomas,Maria Vitória
Rodrigo,Maria Helena
Davi Miguel,Eduarda
André,Malu
Fernando,Maria Sophia
Alexandre,Stella
Pedro Lucas,Camila
Breno,Maya
Arthur Miguel,Gabrielly
Carlos Eduardo,Mirella
Kaique,Mariah
Yago,Ana Lívia
Kauê,Maria Flor
Luan,Ayla
Igor,Isabel
Luiz Henrique,Sophie
Luiz Gustavo,Giulia
Arthur Gabriel,Luana
Mathias,Bruna
Lucas Gabriel,Ana Vitória
Pedro Miguel,Joana
Arthur Henrique,Maria Laura
Ruan,Maria Isis
Tomás,Louise
Danilo,Pérola
Enzo Miguel,Natália
Luiz Otávio,Ana Cecília
Ricardo,Aurora
Oliver,Bárbara
